episode,xi_total,EA_payoff_mean,ED_payoff_mean
1,0.28426666666666667,-15.617669978976892,-5.552267277600308
2,2.000333333333333,-15.435444743697538,-6.677412745924682
3,0.7154133333333332,-15.730539482159895,-6.3901818582480026
4,2.209386666666666,-14.09680614398858,-7.592531978174383
5,1.9866666666666664,-15.250915705067674,-6.886507386650213
6,2.8693333333333335,-13.823488294374505,-7.539045586014707
7,1.5909333333333333,-14.715671885162108,-6.542376525904131
8,0.5813333333333333,-15.455417013075913,-5.7231529220333694
9,0.8234666666666667,-15.24077462796846,-6.281158179845503
10,2.6792,-13.97864061531491,-7.675952849904532
11,0.6206666666666667,-15.427723521701871,-5.758122720783167
12,1.5612066666666666,-14.694164766978886,-6.56098356667016
13,7.125333333333334,-13.123146593509937,-8.739596966405752
14,0.04,-16.158369255620926,-5.641293659911981
15,0.5173333333333333,-15.849577928197844,-5.96442061160757
16,2.852,-15.063679238826383,-7.069523512051305
17,1.084,-15.082293228501094,-6.13830097938526
18,2.032333333333333,-14.432541694380639,-6.83344953600363
19,1.4853333333333334,-15.654241581326463,-6.146607271184889
20,1.66,-14.81247139335365,-6.439449158940351
21,2.2716666666666665,-15.306470949124197,-6.500109796421569
22,1.2603333333333333,-14.958741972661247,-6.581039755240322
23,1.146,-15.030183248393284,-6.188894882178337
24,2.756333333333333,-14.912185810001706,-6.916028922234274
25,0.6529999999999999,-15.40958467340846,-5.782587711309233
26,2.356,-15.308413265732456,-6.488646965799312
27,3.915999999999999,-14.375346933383316,-7.468657345031869
28,1.8728,-14.493129606056565,-6.771255669265548
29,0.7067333333333332,-15.798593816049358,-6.316291662640154
30,1.6892266666666667,-15.404872652644462,-6.404900039178161
31,0.8018666666666665,-15.278649262052603,-5.906690862163888
32,0.6239999999999999,-15.37875809610031,-5.818846560296068
33,1.4533333333333331,-14.890806223812028,-6.343875123660254
34,0.6477333333333333,-15.376462777249397,-5.811398504926482
35,1.4705866666666667,-14.74420666029351,-6.517340620182338
36,0.8929066666666667,-15.125019144374276,-6.091525387317146
37,3.0146666666666664,-14.705362677006784,-7.472742310089311
38,0.29566666666666663,-15.618270512177887,-5.552772542141076
39,3.25025,-13.490237040238469,-7.886999329044264
40,0.8359999999999999,-15.77965939412261,-6.02900591093284
41,3.250666666666666,-14.968985734747452,-6.825876310674859
42,0.20666666666666667,-16.077413864758164,-5.724789305284459
43,0.5539166666666666,-15.427616196372988,-6.062328955026754
44,1.0712,-15.05306458029552,-6.173269933938133
45,0.4931666666666667,-15.498638722808131,-5.673953123728866
46,0.15333333333333332,-15.731125883373434,-5.4248193680250445
47,0.8986666666666665,-15.151938203712415,-6.071324637450267
48,1.0825066666666663,-15.04490022666949,-6.168781506834792
49,0.46533333333333327,-15.966733653812398,-5.823989184154351
50,1.8917333333333328,-14.452880315502696,-6.836196039319628
51,0.8541466666666666,-15.708219662182707,-6.1047826646715535
52,0.65595,-15.888525582780307,-5.914592133383594
53,2.0853333333333333,-14.366089629897228,-6.936231788714551
54,0.5386,-15.433364721172536,-5.752849079209541
55,0.22933333333333325,-16.2718161782997,-5.857488943504263
56,1.7253333333333332,-15.203177126812058,-6.6337009459448355
57,1.3462933333333333,-15.607759956326873,-6.199403091265365
58,1.1754666666666664,-14.97750023952208,-6.24298003605785
59,0.8253866666666666,-15.234335992643047,-5.969250840160479
60,0.4599999999999999,-15.526471663762756,-5.654562775988916
61,2.5867866666666663,-15.071974114836589,-7.052139527977625
62,0.12333333333333325,-16.11443164131791,-5.6871629784198845
63,2.086773333333333,-15.25066823915315,-6.554927229998561
64,1.5185333333333333,-15.488344168610368,-6.322372567689864
65,0.22933333333333325,-15.685348010408688,-5.471646512568222
66,0.5685333333333333,-15.431218965827236,-5.743742589207672
67,1.5573333333333332,-14.873619131754829,-6.684416667761986
68,2.6538666666666666,-13.979288727795582,-7.3566597861069525
69,0.2673333333333333,-15.654601058342948,-5.505916513226033
70,0.8893333333333333,-15.239318912271429,-5.951542573081801
71,2.753386666666666,-13.67205855317445,-7.719982303530598
72,4.157333333333333,-13.133994017105,-8.284985474210009
73,1.2146666666666668,-15.064985527523831,-6.464220751831261
74,1.2426666666666666,-15.69423284926168,-6.1100176508329564
75,0.29599999999999993,-15.637456886606753,-5.528811269867264
76,0.31599999999999995,-15.628902587973071,-5.535049632141705
77,0.6859999999999999,-15.847747384799057,-5.959941357831954
78,3.8503333333333325,-13.194893858188339,-8.222353910476734
79,1.9489999999999998,-15.677459187567571,-6.393814731277477
80,5.356,-12.397191344649414,-9.094924470489923
81,1.4290533333333333,-14.676110365219039,-6.603011806534428
82,1.5346666666666664,-14.804568359748732,-6.439360642707839
83,1.1653333333333333,-15.07559439515296,-6.153834456042244
84,1.7751999999999997,-14.507594111418683,-6.770575991330065
85,0.0533333333333333,-15.794129717363617,-5.655147421703772
86,1.0285333333333333,-15.114947979939501,-6.103032519651627
87,2.418,-15.069982883202501,-6.754994529675072
88,0.09833333333333326,-16.132784572946754,-5.667269395120746
89,2.63825,-13.91854582953473,-7.438424163470889
90,1.5906666666666667,-15.479351013986268,-6.33110081033772
91,0.0533333333333333,-16.137645115579506,-5.958905030182583
92,2.5126666666666666,-15.228914366601394,-6.57355188290305
93,3.0613333333333332,-15.043576435764841,-6.767328883446129
94,1.0016666666666665,-15.131527869524904,-6.085243174183931
95,3.0120533333333332,-13.721450937477746,-7.648034117136353
96,0.7839999999999999,-15.309282524343788,-5.893547091865356
97,3.422613333333333,-14.39434659751954,-7.794033163432928
98,1.9379999999999997,-15.309761507559013,-6.504477443558696
99,2.3398333333333334,-14.254016002070317,-7.044171890034013
100,1.768,-14.558074134494035,-6.7172966822794
101,1.1563733333333333,-15.023524272441982,-6.196183006330839
102,1.3976666666666664,-14.916475430859656,-6.317669646100864
103,1.3690666666666664,-15.615247010131316,-6.580070392727293
104,0.2626666666666666,-16.083980673594194,-5.714789662915788
105,1.0533333333333332,-15.062197730763907,-6.163933076288265
106,1.8856666666666666,-14.45182405124801,-6.8413839720665
107,0.8955733333333333,-15.157601895559141,-6.048932747968191
108,3.363786666666666,-13.46110667493559,-7.873136028997571
109,0.15333333333333332,-15.734674640545286,-5.721450369181802
110,0.42533333333333323,-16.04564175090421,-5.752127123307531
111,0.5233333333333333,-15.46098366183245,-5.722277757199761
112,1.650333333333333,-14.597794773349309,-6.692997658019212
113,0.9293333333333333,-15.144054634940673,-6.075354486267594
114,5.058583333333333,-12.25156108622096,-9.223170113039851
115,2.541333333333333,-13.971614713898425,-7.73004657222274
116,0.9526666666666666,-15.145036325005101,-6.076858098691473
117,3.4889999999999994,-13.263921784045245,-8.142772723639462
118,0.9196266666666667,-15.085873744822784,-6.146925073806484
119,2.3150833333333334,-14.810732897317749,-7.047272077283182
120,1.244,-15.006302128894266,-6.198660235697597
121,2.6155733333333333,-14.096074326115254,-7.2024779559393615
122,2.2858666666666663,-14.094271242951717,-7.24826309041032
123,1.3176,-14.952227939830795,-6.280968778711085
124,0.8367266666666666,-15.14528195998694,-6.074877004447865
125,0.32053333333333334,-15.606413212216115,-5.556356684316005
126,2.12,-14.441795665788295,-6.8383523242573165
127,0.20906666666666665,-15.659319078164948,-5.811312486734527
128,5.768033333333332,-11.630569439260896,-9.925972107875829
129,0.0666666666666666,-15.79339483157526,-5.356214390401295
130,0.441,-15.520515962662305,-5.657062070158249
131,3.689333333333333,-14.391686027538746,-7.452329328614249
132,1.1658333333333333,-14.992669002606437,-6.23803459989756
133,1.3559999999999999,-14.921697977644449,-6.644661047773241
134,2.550133333333333,-14.170402938131042,-7.126258186238052
135,0.5746666666666665,-15.445388130343671,-5.732687808732491
136,4.854453333333333,-12.352925514045339,-9.112508196834098
137,0.5559999999999999,-15.497096894248415,-5.682308180648421
138,1.0666666666666664,-15.720710936441002,-6.086091432183402
139,0.5986666666666666,-15.864088603171947,-6.250078728515059
140,2.4386666666666668,-14.011537978452207,-7.3467343865426065
141,1.1562666666666666,-15.041627088967235,-6.179409088820799
142,0.8278933333333334,-15.228977700565586,-5.967888048893251
143,0.5119999999999999,-15.489952112190606,-5.683777896251957
144,0.9160666666666666,-15.140194334136883,-6.080112005878127
145,0.26933333333333326,-15.63080446584843,-5.838312941707574
146,0.8165833333333333,-15.225516780626588,-5.989818610948516
147,1.973653333333333,-14.366007527215679,-6.91897375756807
148,0.7538666666666667,-15.268269754603587,-5.92634203134581
149,0.1066666666666666,-15.765698411156812,-5.385937257681217
150,0.23866666666666664,-15.696345108876486,-5.460194367530903
151,2.224133333333333,-14.06850136900127,-7.616604066112398
152,0.7872999999999999,-15.228119205334485,-5.971697392698952
153,0.2885333333333333,-15.620309924690304,-5.547322358106198
154,2.1786666666666665,-14.415060977858943,-6.857767159433273
155,2.2575366666666663,-14.168374110946832,-7.151456385398024
156,0.32799999999999996,-15.991654428930282,-5.815290312698016
157,0.9919999999999999,-15.245232677567756,-6.266992748218833
158,0.41733333333333333,-15.94854122493201,-5.859454930060441
159,1.5008333333333332,-14.769696803764777,-6.474187975161474
160,2.1259066666666664,-15.175021412539873,-6.643339663962266
161,2.1810666666666667,-14.418906299650457,-6.886124692010355
162,1.9000533333333331,-14.326803050694629,-6.97787666275709
163,0.2581333333333333,-15.643758375942856,-5.821637160503089
164,1.7650666666666663,-15.385510985328406,-6.425934011584874
165,0.6729999999999999,-15.927987642759037,-5.871265411524071
166,0.0333333333333333,-15.81553557361759,-5.332560267006432
167,0.3506666666666667,-15.978382029546696,-5.82911369674589
168,1.4888,-14.656269160731457,-6.613050486881779
169,0.9166666666666666,-15.673280915059014,-6.448741907372708
170,2.179733333333333,-15.165063561835371,-6.6584409257723
171,2.2974666666666668,-14.08831158318987,-7.231497039914675
172,0.09999999999999995,-15.771254089532928,-5.379868513796156
173,0.22933333333333325,-15.671003802788803,-5.493314495799404
174,1.2773333333333332,-14.945768680253735,-6.30561572995245
175,0.08333333333333325,-16.121656864179087,-5.976085115843263
176,0.3366666666666666,-16.0421559340567,-5.757741792859038
177,1.8900800000000002,-14.28011694536492,-7.05135310708379
178,1.2143333333333333,-15.667152919818555,-6.140193537616256
179,0.2116666666666666,-15.698915331012461,-5.458359925578156
180,2.9537733333333325,-13.712204494826478,-7.624961914863267
181,0.5653333333333332,-15.428858808217239,-6.070551887415597
182,5.169636666666666,-12.294788441483952,-9.124287770965218
183,2.3993333333333333,-14.208470725281062,-7.110042246418697
184,2.091,-15.311942810388198,-6.498282989390621
185,0.28283333333333327,-16.03864923105447,-5.76434830111306
186,0.16399999999999995,-15.720160855334182,-5.438249699369016
187,1.1301333333333332,-14.95728959728429,-6.604093521093715
188,0.8908333333333334,-15.749650043914556,-6.060125607655209
189,2.5759999999999996,-15.082771523221467,-6.740594980945682
190,0.34304,-15.574575761607742,-5.599966577284343
191,0.8655999999999999,-15.720848023997231,-6.092308485401482
192,2.2994666666666665,-14.147854917817913,-7.137262365128521
193,0.3649999999999999,-15.582509626321505,-5.888281355094902
194,0.13333333333333325,-15.7539438267714,-5.398445305846109
195,1.8524333333333332,-14.496141108823537,-6.776418056317415
196,0.5666666666666667,-15.977470728315255,-5.823512630478907
197,0.5533333333333333,-15.503942419980923,-5.671925538604662
198,0.1251733333333333,-15.722464605775702,-5.437398111985079
199,1.2839999999999998,-15.676556232846439,-6.432113837533146
200,1.5152499999999998,-14.799538971953613,-6.422437343638048
201,0.3066666666666666,-16.041506611856935,-5.76077776785502
202,1.6557333333333335,-14.808630465118743,-6.421054122697709
203,1.3909333333333334,-14.81537503995335,-6.436123210649432
204,0.3658666666666667,-15.98335379525738,-5.821570265336693
205,0.8950666666666667,-15.297481211062163,-6.234448568790649
206,0.6858666666666666,-15.394972876985701,-5.78857396287809
207,0.5293333333333333,-15.434899682446401,-5.74493783079941
208,1.5733333333333333,-15.673827125309511,-6.120120926572508
209,0.3970833333333333,-15.562943455033453,-5.606170117724541
210,0.7746666666666666,-15.882925813238117,-5.9196124108239125
211,0.8223333333333332,-15.827387778543994,-6.279337358635871
212,1.1089166666666666,-15.763623438372218,-6.036697103074599
213,1.1940666666666666,-15.683765162057137,-6.1180434101845895
214,0.8516666666666667,-15.250947724908702,-5.943825721439922
215,0.38538666666666666,-15.97661188491,-5.82851866907277
216,1.9181199999999998,-14.446548662428217,-6.823897815014995
217,2.5949333333333335,-13.830226907058927,-7.8706617255207565
218,0.8129066666666667,-15.225274923427204,-5.987321330583947
219,2.4229866666666666,-15.008746317151738,-6.8056671290053
220,1.5352,-15.483904385964532,-6.3344123127610406
221,0.9426666666666667,-15.181255456799054,-6.018185722194138
222,0.16399999999999995,-16.097016287968408,-5.704044419703855
223,0.1866666666666666,-15.70783743725345,-5.750948584333793
224,0.1653333333333333,-15.719639146378112,-5.438194302024729
225,0.45273333333333327,-15.511281049682445,-5.664636799042473
226,2.6106666666666665,-14.034778992111386,-7.2977514960256915
227,0.2733333333333333,-15.645540438406336,-5.518854533242935
228,0.4773333333333333,-15.97021966186567,-5.831399965722252
229,1.0306133333333332,-15.004953298927465,-6.535163736607538
230,0.69,-15.354926467529422,-5.840142692656949
231,1.8346666666666667,-14.612507996031987,-6.667017519440645
232,0.9537499999999999,-15.168909116042357,-6.041088114837084
233,0.32533333333333325,-15.993215887681295,-5.813664032221796
234,1.42112,-15.516813633609688,-6.291083391210247
235,0.9606666666666666,-15.675568107452941,-6.446949224914036
236,0.8926666666666666,-15.690780017405908,-6.125953665561873
237,1.6423999999999999,-14.643482218223287,-6.597327157445937
238,1.48,-14.84907141568951,-6.40582872396155
239,1.3193333333333332,-15.502704760687106,-6.3172917403447455
240,1.1463999999999999,-15.00459586895743,-6.206780234341545
241,4.7653333333333325,-13.626744774155307,-8.619921947822705
242,0.9369999999999997,-15.204707043878418,-5.986304897691719
243,0.7962666666666667,-15.227263842821962,-5.979467385090678
244,2.440533333333333,-15.175262660936326,-6.635285052331383
245,4.493666666666666,-12.7363784166151,-8.66464390493533
246,2.130533333333333,-14.260929987920047,-7.0562213079035505
247,0.9533333333333331,-15.178145165805981,-6.343554539253395
248,1.9625333333333332,-14.47219367032635,-6.782137603794703
249,1.5277333333333334,-14.65262233167476,-6.593537356987081
250,2.6483199999999996,-13.999140743597321,-7.286292482964061
251,1.4746,-14.781788546668293,-6.460947931323325
252,3.043906666666666,-13.616747258548205,-7.744096468131659
253,2.656533333333333,-14.88168415612678,-7.278133672977136
254,0.7766666666666666,-15.292657519327598,-5.9087476702807
255,4.7381866666666665,-12.365986512801836,-9.083757104750848
256,1.261,-14.946299915056859,-6.282950460733636
257,0.4978666666666667,-15.492278631523693,-5.68887845169097
258,0.46106666666666657,-15.51197549382129,-5.658862473420906
259,2.463146666666667,-14.924945599552643,-7.239472277592688
260,2.6683333333333334,-13.700778624516335,-7.693209674920347
261,1.8615999999999997,-14.522637144168126,-6.770061702692217
262,1.4446666666666665,-15.546246098370053,-6.265600735705643
263,1.4683199999999998,-14.705448603873588,-6.5581499957613785
264,0.7263333333333333,-15.278388741908447,-5.93046004488591
265,1.0676666666666668,-15.68829342808975,-6.4285262411414195
266,0.6426666666666665,-15.941525705101817,-5.85897976937775
267,0.5353333333333332,-15.913679479099985,-5.893055198047449
268,1.876,-15.348220122093071,-6.468650945288784
269,5.940053333333333,-13.224494860861384,-8.661224995022101
270,0.4466666666666666,-15.482704891578656,-5.697419334547302
271,0.8303333333333334,-15.669333250861996,-5.789300493254492
272,0.8423333333333334,-15.845134952247747,-5.956330614110097
273,0.4714,-15.983219365800906,-5.81704553924628
274,0.3485333333333333,-15.565513135213585,-5.609705845355288
275,0.22933333333333325,-16.057770401721072,-5.746561558790521
276,0.42618666666666666,-15.511042900461227,-5.668262352928753
277,2.447093333333333,-14.000912606674609,-7.688797265791812
278,0.9866666666666666,-15.106009761952048,-6.1123050256166715
279,0.1533333333333333,-15.728186496566082,-5.429259528523239
280,0.17966666666666664,-15.71989587864874,-5.4336006592391435
281,1.51264,-15.454647439983937,-6.365561979102228
282,0.5189866666666666,-15.43727345091596,-5.74998022154403
283,0.1606666666666666,-15.723774933764483,-5.732376687935323
284,2.0733333333333333,-14.353799689825273,-6.937569151317607
285,1.4546666666666668,-14.992848708709012,-6.226510048183915
286,3.8606666666666665,-14.322883116749193,-7.529209458986256
287,1.8693333333333333,-15.350015081376,-6.464873289118085
288,1.827,-14.501398556570406,-6.7879053816514965
289,0.6770833333333333,-15.403220874574643,-6.090112575544475
290,3.457333333333333,-13.274318841285421,-8.160981519157115
291,0.8013333333333332,-15.331748436186789,-5.862323092491344
292,2.8333866666666667,-13.557718420329891,-7.8350122684297565
293,0.7127500000000001,-15.769592326486741,-6.047160213351117
294,1.732333333333333,-14.662725207594725,-6.574245986457428
295,1.12006,-14.97893767406389,-6.572576047589569
296,3.5333333333333328,-14.77959573545612,-7.023675801484549
297,3.2956666666666665,-13.512102624708266,-7.847554967482754
298,0.15199999999999997,-15.726604350721598,-5.4293698235135
299,0.3619066666666666,-15.561351980499825,-5.605931580214859
300,0.42573333333333335,-15.50129272333513,-5.6813121002817475
301,3.788,-14.571722933413493,-7.587695602763373
302,1.1509999999999998,-15.002331492912944,-6.2369128236947455
303,1.9616666666666667,-14.471447643434471,-6.819193704730848
304,1.2570666666666666,-15.601259370043543,-6.210723169781395
305,3.08784,-13.805293413398434,-7.503999963751101
306,1.4057066666666667,-14.71518282623143,-6.551252840972353
307,0.27919999999999995,-16.039206375243666,-6.061654912632832
308,0.40419999999999995,-15.536327726624364,-5.638214845173396
309,2.5999999999999996,-13.91903595219243,-7.399901870437985
310,2.8345666666666665,-13.732605169999296,-7.645616826863574
311,0.49699999999999994,-15.995932275334166,-5.80213115574395
312,1.1927499999999998,-14.994899999003454,-6.242121185669523
313,0.7077066666666667,-15.252174698698678,-6.274404786507622
314,2.494933333333333,-14.090076249341283,-7.2269590032161215
315,3.156,-14.860681994176723,-6.960777291334663
316,2.2489999999999997,-14.289164464839633,-6.9815454342631735
317,0.43999999999999995,-15.554478710732376,-5.615318695413322
318,0.3388666666666666,-15.58136832824745,-5.5920395483329015
319,1.5151999999999997,-14.824786451691786,-6.836659574806296
320,2.1541333333333332,-14.328215268959285,-6.936051211808611
321,2.164213333333333,-14.102886204953075,-7.21593442831643
322,2.4038,-14.079582640878602,-7.2385410463146735
323,1.0085,-15.138861192058146,-6.066217590019639
324,4.822933333333332,-13.506425643388475,-8.38529940391135
325,0.20666666666666664,-15.698641913837449,-5.759585758880383
326,0.0666666666666666,-15.79339483157526,-5.356214390401295
327,2.4776,-14.063903850731762,-7.231679508537127
328,1.1730666666666667,-14.986123899400118,-6.229755464462013
329,1.1234133333333334,-14.94640495484332,-6.298581997150637
330,0.6470666666666667,-15.35043890316837,-5.848045937957471
331,4.749833333333333,-12.706822233596384,-9.102482874828016
332,3.0490666666666666,-14.791807915138957,-7.033340753134862
333,2.5394666666666668,-14.137468497916723,-7.189674416956195
334,0.9533133333333332,-15.767150853319471,-6.032679403405863
335,1.5259999999999998,-15.606009712957137,-6.1913590246568635
336,0.4383999999999999,-15.519441077715449,-5.655896217689465
337,2.1761066666666666,-14.39846229512602,-7.201049684655448
338,1.5026666666666666,-14.678961414006729,-6.592240341683212
339,2.2496666666666663,-15.27946405931967,-6.531903274964834
340,0.7667733333333333,-15.26848899085735,-5.930896061001586
341,4.250719999999999,-12.657764298803572,-8.767772564991258
342,1.04575,-15.142435663177212,-6.064421414644865
343,0.22808333333333325,-15.662027860940723,-5.807103983091952
344,0.8291199999999999,-15.251977090559578,-5.942999396919426
345,1.4384000000000001,-14.812071276641719,-6.429756236409427
346,0.0666666666666666,-15.79339483157526,-5.356214390401295
347,2.8373333333333335,-15.087236790437213,-6.72651210414686
348,1.4619999999999997,-15.471710374405525,-6.345213291473361
349,1.806,-14.595063038812967,-6.983451970857882
350,0.7996666666666666,-15.327080854808848,-5.862399252551134
351,0.22274999999999995,-15.670302334356228,-5.491179746319485
352,1.669333333333333,-14.791388235105783,-6.4558287037707345
353,0.359,-15.559700210527488,-5.613289570717562
354,0.20499999999999993,-16.068245924549366,-5.735184990690527
355,1.2306666666666666,-15.01362439299714,-6.192957266599278
356,1.7827199999999999,-14.549609381458563,-6.7199064718223305
357,1.373133333333333,-14.830370764689077,-6.4199073266359195
358,1.3106666666666666,-14.992459311898179,-6.217195508084922
359,2.417133333333333,-14.023397927407323,-7.324533708086633
360,2.5272,-14.074600808785707,-7.222440842392158
361,2.4379999999999997,-15.04765206860625,-7.107123157812243
362,0.6608,-15.35757251200021,-5.826395884110701
363,0.6893333333333334,-15.384295606613758,-5.8047214398423215
364,0.8698333333333332,-15.256890360726528,-5.9493554696477
365,0.99932,-15.667949886013528,-6.144578899464121
366,1.296,-14.906096856966082,-6.336731989239923
367,0.457,-15.49379820690659,-5.994912459792975
368,2.9949999999999997,-14.813181800994462,-7.012034052610179
369,3.269,-14.494121452599273,-7.357232539290557
370,1.29132,-15.51914651783352,-6.298254841949234
371,1.6975999999999998,-14.51036690858832,-6.79303713430775
372,0.8021333333333334,-15.241201032843962,-5.9655645110666935
373,1.5965333333333334,-14.749021152124055,-6.847317159123657
374,1.7062,-14.59812855654085,-6.658983155771478
375,1.1946666666666665,-15.026579252726165,-6.205863583163384
376,0.8955333333333332,-15.177598408891235,-6.038897466219934
377,0.6096,-15.380412751630802,-5.815100677521153
378,3.8993999999999995,-12.965263782711176,-8.448143396495702
379,3.041333333333333,-13.605334198533647,-8.121064458189121
380,2.1179733333333335,-14.142566270422083,-7.1784606335829775
381,2.7434666666666665,-14.980244144381356,-6.841779253278027
382,1.3089333333333335,-14.896188718648599,-6.336498432499136
383,1.2289866666666664,-14.944044516914797,-6.287393998501922
384,0.31786666666666663,-15.599771480281374,-5.568548341333274
385,0.6009999999999999,-15.411781248129754,-6.087647826220808
386,1.409333333333333,-14.755882508426566,-6.5022470087065
387,1.484,-14.908888035293002,-6.322934120060221
388,0.32166666666666666,-15.59788307134703,-5.575723285333353
389,0.43081333333333327,-15.980656468459301,-5.819760885328292
390,3.901866666666666,-12.84552525372442,-8.64878445951166
391,0.3873333333333333,-15.982832809180904,-6.123511426978477
392,1.7731666666666666,-14.608001161939306,-6.634875676849973
393,0.9079999999999999,-15.233419026964029,-5.975727137049837
394,1.52075,-14.776431446648163,-6.4535184960765815
395,1.4957333333333334,-14.820336195889656,-6.43259644185785
396,1.2416666666666665,-15.598652511369766,-6.215521576970376
397,5.066,-12.254990578456358,-9.626777143061808
398,1.8465999999999998,-15.092350048078629,-6.751130045561425
399,0.8918399999999997,-15.816734214032632,-5.982398764062744
400,1.5586666666666664,-15.36319544210778,-6.464344632201175
401,0.06666666666666665,-15.796334218382611,-5.351774229903102
402,1.454933333333333,-14.813440049206541,-6.432990303096236
403,2.9816,-13.65870634897577,-8.042167737123494
404,2.1253333333333333,-15.403092410615326,-6.3985752124847455
405,2.6203199999999995,-14.962843065828874,-6.849941641674298
406,1.0913333333333333,-15.751470956815345,-6.0507512640929235
407,0.2626666666666666,-15.660267881559003,-5.499740796461278
408,1.9533333333333331,-14.356532033227051,-6.95051103746901
409,1.4813333333333332,-14.786520902479673,-6.792812961735804
410,0.2930833333333333,-15.629185128245418,-5.536215281474803
411,0.7568,-15.243510516949524,-5.957115959273337
412,1.2398333333333333,-15.634582629833119,-6.1728259579932665
413,0.3933333333333333,-15.573476172753068,-5.5924649601691385
414,1.5941866666666664,-15.39626821137188,-6.417283001050885
415,1.6144,-14.83864994145269,-6.70796653579316
416,2.623333333333333,-13.902048402367875,-7.454515535572481
417,0.4346666666666666,-15.552580802583847,-5.61925775788741
418,0.30266666666666664,-16.05623257419076,-5.7436307795167
419,0.3846166666666666,-15.979740086648954,-5.82511252109574
420,0.78544,-15.219613490672272,-5.996661924317026
421,0.19999999999999996,-15.700106962523993,-5.759276279037067
422,1.1073066666666667,-14.885695542175661,-6.364005846827794
423,0.6690266666666667,-15.834079326147384,-5.972414428966999
424,2.660833333333333,-13.933181344123575,-7.395988474809807
425,0.6666666666666665,-15.829867013557555,-5.980018098027287
426,2.2059999999999995,-14.177247307313724,-7.160127859418625
427,1.2872,-15.275949831262928,-6.224541194787495
428,0.8933333333333333,-15.219653309904267,-5.977991785157383
429,2.3406666666666665,-14.20847178175002,-7.104561253134981
430,3.626666666666667,-13.435383385922323,-7.96034971330341
431,0.0333333333333333,-15.818474960424943,-5.328120106508239
432,0.8079999999999999,-15.348812201148572,-5.836334505834353
433,1.03844,-15.04701110066765,-6.493957184666778
434,1.93825,-14.426334984695439,-6.862481670382959
435,4.336333333333332,-12.647108760888633,-8.813901668549438
436,1.1791999999999998,-14.986928364665614,-6.247276997673918
437,1.2125833333333333,-15.652276602868994,-6.1579488529101045
438,0.8645333333333334,-15.698385781766248,-6.1161673965656504
439,1.232,-14.923500836111042,-6.645685682396686
440,1.6789999999999998,-14.661244304640665,-6.608195842711289
441,2.449416666666666,-14.065274020846054,-7.2568252868765075
442,1.9663333333333335,-14.503844529204068,-6.77327636186394
443,0.39573333333333327,-16.02013598304083,-5.779399364882746
444,0.30066666666666664,-15.617669978976892,-5.552267277600308
445,2.58,-15.14220258954726,-6.986770280708343
446,0.7146666666666666,-15.354897895360768,-5.833487355001573
447,0.19081333333333328,-15.662267844909778,-5.5043186119249965
448,0.5840833333333333,-15.426502278151762,-5.756824553939213
449,1.6293333333333333,-14.8394288603486,-6.3886898734997
450,0.2933333333333332,-15.660618531612606,-5.501832243293832
451,0.6724999999999999,-15.338577120903658,-6.174769455855138
452,0.1533333333333333,-15.753864968753756,-5.3984877881383815
453,0.8070833333333334,-15.274114770859747,-5.931054711286849
454,2.122,-14.478916188912681,-6.7718672021260335
455,0.5735,-15.422610046099713,-5.765010766369578
456,0.8339733333333332,-15.232595848392492,-5.956410963397698
457,0.5283333333333333,-15.439064918458872,-6.05236092937402
458,0.2983333333333333,-15.63181658690488,-5.530125047286397
459,2.224333333333333,-14.209372835181405,-7.108390219597274
460,0.3173333333333333,-16.02426420388661,-5.779033486860143
461,4.085333333333333,-12.959596817297871,-8.513798247902223
462,0.8846666666666667,-15.204091762527025,-6.002615055714137
463,2.106583333333333,-14.34557481749026,-7.273449486946504
464,0.96872,-15.113161914282932,-6.1046240839440085
465,0.3014166666666666,-15.620422215671855,-5.545857300023265
466,1.3253333333333335,-14.965081170052489,-6.266939458757944
467,2.0762666666666663,-14.443479072528449,-6.831847484707056
468,4.413333333333333,-14.058558724125355,-7.806127814963894
469,0.8610666666666666,-15.722973615871734,-6.396167260658951
470,1.2296666666666667,-14.95470559766019,-6.2869345569307304
471,6.047413333333331,-11.447517556873912,-10.0501915114543
472,1.8181866666666666,-15.372426436026082,-6.450775358801483
473,2.576693333333333,-14.00922368529827,-7.326730393148404
474,0.9096,-15.124518335235035,-6.09831788333362
475,2.059413333333333,-14.38595176106297,-7.291650318207831
476,0.0733333333333333,-15.790778540006496,-5.357842973788163
477,4.756959999999999,-12.185426212116568,-9.342618880457097
478,0.32319999999999993,-15.592773449265861,-5.578973576060585
479,0.8357333333333332,-15.736234668055335,-6.075421095348062
480,0.65872,-15.34334912496173,-5.849279554420466
481,1.2370666666666665,-14.876363297536521,-6.675672506060824
482,3.294466666666666,-13.430021937099287,-7.960197914691687
483,1.0476666666666667,-15.581160320797608,-6.238958123649614
484,3.9363333333333337,-13.236939405465419,-8.131152525819436
485,2.1234666666666664,-14.182332551612859,-7.119308770709393
486,0.6476666666666666,-15.39490713792335,-5.797418920523928
487,2.6479999999999997,-13.86391469671053,-7.80053077161182
488,0.5653333333333332,-15.430541528574874,-5.7578562033489895
489,0.7365333333333333,-15.318081885428388,-5.881491387880784
490,0.6706666666666666,-15.318662703715098,-5.878501554533274
491,3.0727999999999995,-13.52540583189251,-7.875337672156995
492,3.137866666666666,-13.526925287011618,-7.8706759923437986
493,0.45866666666666656,-15.528384797275255,-5.948336414007292
494,0.43141666666666667,-15.546850684205662,-5.620093230870971
495,1.5276399999999999,-14.708052779809236,-6.550751528793657
496,0.08333333333333325,-16.13166337654771,-5.669725140112648
497,2.1716266666666666,-14.136622151362936,-7.16071657840884
498,1.2448666666666666,-14.958206875756002,-6.261078592579148
499,0.36,-15.612760459593567,-5.854093106754272
500,0.6978666666666666,-15.281795557826321,-5.915369134151652
